日期,区域,订单数,销售件数,销售金额,退货金额,净收入,活跃客户数,缺客户ID行数
2009-12-01,英国,144,22698,46261.24,1095.74,45165.5,106,891
2009-12-01,非英国,10,3372,6177.37,202.05,5975.32,8,0
2009-12-02,英国,119,27267,54629.78,114.2,54515.58,92,961
2009-12-02,非英国,8,4532,7243.32,387.15,6856.17,6,2
2009-12-03,英国,131,48672,71958.23,3538.13,68420.1,110,581
2009-12-03,非英国,6,547,1101.55,363.3,738.25,6,0
2009-12-04,英国,94,19744,37025.24,279.65,36745.59,76,587
2009-12-04,非英国,6,1448,2323.97,69.9,2254.07,6,0
2009-12-05,英国,29,4722,9042.36,0.0,9042.36,25,0
2009-12-05,非英国,1,397,760.69,0.0,760.69,1,0
2009-12-06,英国,87,10836,23013.33,296.44,22716.89,60,11
2009-12-06,非英国,3,689,1271.69,0.0,1271.69,3,0
2009-12-07,英国,101,16083,38442.03,395.8,38046.23,77,1064
2009-12-07,非英国,13,1853,4515.44,40.8,4474.64,10,1
2009-12-08,英国,147,22052,45664.88,5271.44,40393.44,122,454
2009-12-08,非英国,13,1078,3029.83,451.65,2578.18,9,0
2009-12-09,英国,92,17105,37090.53,133.26,36957.27,73,1012
2009-12-09,非英国,5,730,1779.78,86.28,1693.5,4,0
2009-12-10,英国,110,22900,41306.6,847.47,40459.13,92,507
2009-12-10,非英国,7,676,853.77,200.86,652.91,5,0
2009-12-11,英国,113,21268,39447.89,1168.38,38279.51,90,14
2009-12-11,非英国,4,0,0.0,51.3,-51.3,3,0
2009-12-13,英国,71,11175,19561.62,247.1,19314.52,58,18
2009-12-13,非英国,6,1331,2340.84,0.0,2340.84,5,13
2009-12-14,英国,98,42521,65171.29,255.29,64916.0,75,2129
2009-12-14,非英国,9,2767,4634.17,171.95,4462.22,5,0
2009-12-15,英国,103,26010,47220.96,509.84,46711.12,89,380
2009-12-15,非英国,3,1048,2419.2,0.0,2419.2,3,0
2009-12-16,英国,98,23972,48321.85,32.85,48289.0,79,1465
2009-12-16,非英国,5,909,1747.07,78.2,1668.87,4,0
2009-12-17,英国,152,14610,27286.36,1086.33,26200.03,113,217
2009-12-17,非英国,3,793,2422.04,3.25,2418.79,3,0
2009-12-18,英国,61,8807,27425.84,161.21,27264.63,48,855
2009-12-18,非英国,13,8585,13656.59,55.8,13600.79,7,60
2009-12-20,英国,37,5341,10046.33,103.55,9942.78,32,4
2009-12-20,非英国,3,890,1179.66,11.9,1167.76,3,0
2009-12-21,英国,46,3808,8126.18,1244.47,6881.71,30,167
2009-12-21,非英国,3,4954,7944.86,0.0,7944.86,3,0
2009-12-22,英国,65,14200,24491.27,538.49,23952.78,31,1553
2009-12-22,非英国,1,253,488.51,0.0,488.51,1,0
2009-12-23,英国,22,2449,5515.61,18.3,5497.31,13,183
2009-12-23,非英国,3,2128,5149.06,45.75,5103.31,2,0
2010-01-04,英国,37,10636,13400.8,200.36,13200.44,25,7
2010-01-04,非英国,2,0,0.0,30.29,-30.29,2,0
2010-01-05,英国,40,11296,19114.34,96.95,19017.39,31,11
2010-01-06,英国,14,7456,8733.0,0.0,8733.0,13,1
2010-01-07,英国,74,12602,24237.37,642.81,23594.56,65,14
2010-01-07,非英国,9,28010,48783.52,127.95,48655.57,6,0
2010-01-08,英国,39,10462,24247.08,21.9,24225.18,36,1
2010-01-08,非英国,4,2213,4008.83,0.0,4008.83,4,0
2010-01-10,英国,36,13075,22837.61,168.68,22668.93,28,14
2010-01-10,非英国,1,304,648.24,0.0,648.24,1,0
2010-01-11,英国,51,12595,30482.11,206.27,30275.84,34,2123
2010-01-11,非英国,9,1368,3640.33,171.0,3469.33,7,0
2010-01-12,英国,39,20149,38118.86,93.7,38025.16,30,246
2010-01-12,非英国,3,1094,2046.56,0.0,2046.56,3,0
2010-01-13,英国,39,7974,18025.95,199.86,17826.09,32,1092
2010-01-13,非英国,5,838,1931.76,146.41,1785.35,5,0
2010-01-14,英国,76,12964,28959.45,559.34,28400.11,57,868
2010-01-14,非英国,4,812,1531.2,54.5,1476.7,4,0
2010-01-15,英国,42,7429,11233.85,119.0,11114.85,34,5
2010-01-15,非英国,7,979,2106.05,98.35,2007.7,7,0
2010-01-17,英国,41,9911,17393.2,12.3,17380.9,35,1
2010-01-18,英国,44,10136,19414.13,87.53,19326.6,31,1045
2010-01-18,非英国,2,193,838.75,16.35,822.4,2,0
2010-01-19,英国,43,13792,28092.97,343.2,27749.77,37,725
2010-01-19,非英国,6,1472,3482.19,5.59,3476.6,6,0
2010-01-20,英国,64,7870,15243.23,1064.8,14178.43,56,374
2010-01-20,非英国,3,1604,1573.72,496.5,1077.22,2,0
2010-01-21,英国,60,7464,14272.7,424.07,13848.63,50,1
2010-01-21,非英国,3,65436,13086.53,0.0,13086.53,3,0
2010-01-22,英国,39,8515,19045.2,168.89,18876.31,33,544
2010-01-22,非英国,8,10029,15009.14,0.0,15009.14,6,0
2010-01-24,英国,51,8504,15373.31,26.39,15346.92,47,23
2010-01-24,非英国,1,339,503.53,0.0,503.53,1,0
2010-01-25,英国,60,9522,20317.84,87.24,20230.6,42,426
2010-01-25,非英国,3,503,2009.45,58.4,1951.05,3,0
2010-01-26,英国,60,7984,15825.71,460.43,15365.28,43,314
2010-01-26,非英国,8,14936,21917.83,0.0,21917.83,7,0
2010-01-27,英国,68,16545,25956.11,198.19,25757.92,54,504
2010-01-27,非英国,3,1289,1982.75,0.0,1982.75,3,0
2010-01-28,英国,64,10615,18762.2,450.41,18311.79,50,89
2010-01-28,非英国,5,627,1034.67,66.1,968.57,5,0
2010-01-29,英国,66,10145,18880.58,416.88,18463.7,48,370
2010-01-29,非英国,1,10,12.5,0.0,12.5,1,0
2010-01-31,英国,53,8978,15196.27,214.55,14981.72,44,29
2010-01-31,非英国,4,1740,3054.08,0.0,3054.08,4,0
2010-02-01,英国,64,7681,15695.29,65.52,15629.77,45,413
2010-02-01,非英国,6,1547,2421.42,0.0,2421.42,6,0
2010-02-02,英国,50,9616,17783.4,66.36,17717.04,37,10
2010-02-02,非英国,5,1476,3071.12,0.85,3070.27,3,57
2010-02-03,英国,49,9248,18826.92,65.74,18761.18,40,508
2010-02-03,非英国,7,1026,1847.54,76.2,1771.34,5,0
2010-02-04,英国,62,12378,21608.38,16.62,21591.76,49,5
2010-02-04,非英国,2,409,669.33,0.0,669.33,2,0
2010-02-05,英国,61,10144,20974.51,669.0,20305.51,49,285
2010-02-05,非英国,2,192,299.03,0.0,299.03,2,0
2010-02-07,英国,31,5371,8153.65,254.44,7899.21,25,4
2010-02-07,非英国,4,5806,8714.18,0.0,8714.18,4,0
2010-02-08,英国,56,6843,13267.14,75.8,13191.34,43,389
2010-02-08,非英国,7,1756,2619.58,503.9,2115.68,4,84
2010-02-09,英国,45,7102,13415.31,28.5,13386.81,41,156
2010-02-09,非英国,11,3748,5210.18,0.0,5210.18,11,0
2010-02-10,英国,33,3532,8530.63,447.45,8083.18,23,366
2010-02-10,非英国,3,220,304.88,0.0,304.88,3,0
2010-02-11,英国,54,8026,13021.54,89.36,12932.18,41,6
2010-02-11,非英国,9,999,1834.73,56.4,1778.33,9,0
2010-02-12,英国,33,6698,9823.75,42.15,9781.6,26,179
2010-02-12,非英国,5,947,1178.52,27.05,1151.47,3,1
2010-02-14,英国,48,9551,16141.47,162.95,15978.52,38,3
2010-02-14,非英国,2,1343,1544.11,0.0,1544.11,2,0
2010-02-15,英国,41,11285,20874.92,161.25,20713.67,31,20
2010-02-15,非英国,7,85134,20013.96,23.65,19990.31,6,0
2010-02-16,英国,67,15091,28235.46,214.65,28020.81,54,532
2010-02-16,非英国,4,1603,2131.77,35.9,2095.87,3,0
2010-02-17,英国,50,14366,20657.38,262.57,20394.81,42,16
2010-02-17,非英国,6,10645,5740.34,3651.2,2089.14,4,0
2010-02-18,英国,80,11131,20582.47,540.14,20042.33,72,2
2010-02-18,非英国,6,8721,15166.67,19.55,15147.12,3,1
2010-02-19,英国,62,12583,25823.01,132.39,25690.62,33,892
2010-02-21,英国,58,5105,10203.32,2156.13,8047.19,48,0
2010-02-21,非英国,2,446,1189.36,0.0,1189.36,2,0
2010-02-22,英国,47,12116,23840.81,127.48,23713.33,38,3
2010-02-22,非英国,7,1311,2512.77,12.5,2500.27,7,0
2010-02-23,英国,43,11124,20749.82,3.95,20745.87,38,158
2010-02-23,非英国,13,735,1528.45,142.11,1386.34,8,0
2010-02-24,英国,63,12779,21445.6,257.3,21188.3,48,270
2010-02-24,非英国,10,9665,11283.74,17.7,11266.04,3,0
2010-02-25,英国,85,25881,45220.35,1229.08,43991.27,65,166
2010-02-25,非英国,3,420,959.66,0.0,959.66,3,0
2010-02-26,英国,43,6881,15283.09,467.55,14815.54,30,367
2010-02-26,非英国,4,534,904.09,361.0,543.09,1,0
2010-02-28,英国,55,8081,15871.74,111.05,15760.69,47,0
2010-02-28,非英国,3,327,757.25,0.0,757.25,3,0
2010-03-01,英国,58,20681,24148.29,232.47,23915.82,47,168
2010-03-01,非英国,4,759,1249.05,210.0,1039.05,4,0
2010-03-02,英国,80,8905,21002.51,666.33,20336.18,68,474
2010-03-02,非英国,8,2982,4487.95,80.1,4407.85,7,0
2010-03-03,英国,65,13377,23066.85,159.26,22907.59,51,227
2010-03-03,非英国,12,6988,10371.32,65.52,10305.8,8,0
2010-03-04,英国,81,17382,29301.85,320.48,28981.37,69,244
2010-03-04,非英国,7,1143,2073.78,25.6,2048.18,6,0
2010-03-05,英国,72,13584,23180.53,0.0,23180.53,47,202
2010-03-05,非英国,9,4638,3596.06,0.0,3596.06,8,0
2010-03-07,英国,58,9575,17055.06,61.82,16993.24,47,9
2010-03-07,非英国,2,1336,2287.84,0.0,2287.84,2,0
2010-03-08,英国,72,14171,33493.02,312.3,33180.72,62,973
2010-03-08,非英国,9,1395,2332.41,63.7,2268.71,9,0
2010-03-09,英国,65,11322,19843.44,722.77,19120.67,55,223
2010-03-09,非英国,7,1021,1729.89,70.75,1659.14,7,0
2010-03-10,英国,72,17282,25195.53,369.65,24825.88,52,437
2010-03-10,非英国,7,636,1354.85,34.1,1320.75,5,0
2010-03-11,英国,52,12020,20565.35,111.0,20454.35,39,275
2010-03-11,非英国,1,2158,3425.26,0.0,3425.26,1,0
2010-03-12,英国,34,5695,11840.08,234.49,11605.59,27,266
2010-03-12,非英国,8,5330,9439.31,1.95,9437.36,6,0
2010-03-14,英国,24,3474,6955.02,12.75,6942.27,21,0
2010-03-14,非英国,1,1424,1968.98,0.0,1968.98,1,0
2010-03-15,英国,59,13342,23591.28,126.56,23464.72,39,631
2010-03-15,非英国,9,1711,2961.67,157.15,2804.52,7,0
2010-03-16,英国,81,12079,22298.05,817.68,21480.37,70,288
2010-03-16,非英国,8,758,1219.41,112.4,1107.01,6,0
2010-03-17,英国,49,13215,20423.68,170.33,20253.35,39,170
2010-03-17,非英国,4,65580,10065.38,7.95,10057.43,4,0
2010-03-18,英国,85,18981,35328.54,271.25,35057.29,68,160
2010-03-18,非英国,6,4636,4712.04,0.0,4712.04,4,34
2010-03-19,英国,62,12464,21301.25,244.36,21056.89,51,194
2010-03-19,非英国,4,878,2103.25,0.0,2103.25,2,31
2010-03-21,英国,60,11713,19160.38,243.14,18917.24,50,4
2010-03-21,非英国,2,510,1268.7,0.0,1268.7,2,0
2010-03-22,英国,79,11732,23138.87,431.48,22707.39,67,370
2010-03-22,非英国,5,1031,1660.4,32.45,1627.95,5,0
2010-03-23,英国,67,53964,30767.6,125.25,30642.35,55,165
2010-03-23,非英国,8,476,1516.76,33.4,1483.36,6,2
2010-03-24,英国,94,10161,23054.68,1239.68,21815.0,78,265
2010-03-24,非英国,9,4148,5129.14,108.92,5020.22,7,0
2010-03-25,英国,73,14731,28009.88,115.1,27894.78,59,234
2010-03-25,非英国,12,2272,3915.36,0.0,3915.36,10,0
2010-03-26,英国,63,13395,20218.09,145.04,20073.05,49,299
2010-03-26,非英国,9,7497,11896.05,100.6,11795.45,7,0
2010-03-28,英国,59,14484,22348.05,14.3,22333.75,55,0
2010-03-29,英国,89,25095,58937.67,87.75,58849.92,43,655
2010-03-29,非英国,4,30,45.34,63.5,-18.16,2,1
2010-03-30,英国,99,17646,35252.41,864.48,34387.93,76,465
2010-03-30,非英国,5,1603,2495.49,64.35,2431.14,5,0
2010-03-31,英国,84,13635,28964.88,198.89,28765.99,66,506
2010-03-31,非英国,2,0,0.0,72.8,-72.8,2,0
2010-04-01,英国,73,12820,24206.17,184.44,24021.73,65,229
2010-04-01,非英国,8,4364,5878.13,0.0,5878.13,8,0
2010-04-06,英国,59,12865,19114.0,447.1,18666.9,47,172
2010-04-06,非英国,1,153,252.52,0.0,252.52,1,0
2010-04-07,英国,57,14461,25031.38,78.0,24953.38,44,293
2010-04-07,非英国,9,9059,9442.43,2.75,9439.68,5,0
2010-04-08,英国,87,25961,46534.92,417.05,46117.87,68,477
2010-04-08,非英国,4,810,880.52,0.0,880.52,3,0
2010-04-09,英国,48,7248,13093.03,116.7,12976.33,31,179
2010-04-09,非英国,5,1824,3182.13,0.0,3182.13,4,11
2010-04-11,英国,41,8883,15571.1,77.85,15493.25,38,0
2010-04-11,非英国,3,2696,4017.95,0.0,4017.95,3,0
2010-04-12,英国,71,10331,22016.67,1123.68,20892.99,59,6
2010-04-12,非英国,9,2471,4733.48,85.45,4648.03,7,49
2010-04-13,英国,77,7747,15759.29,863.13,14896.16,65,38
2010-04-13,非英国,6,6690,10055.34,181.43,9873.91,4,0
2010-04-14,英国,55,14719,23850.2,587.53,23262.67,46,7
2010-04-14,非英国,6,1559,2995.83,12.75,2983.08,5,0
2010-04-15,英国,65,10310,18657.5,110.5,18547.0,54,34
2010-04-15,非英国,2,443,572.21,0.0,572.21,2,0
2010-04-16,英国,42,8680,13805.88,1495.31,12310.57,34,13
2010-04-16,非英国,5,6165,5542.37,0.0,5542.37,5,0
2010-04-18,英国,49,7956,17626.14,31.15,17594.99,40,0
2010-04-18,非英国,7,5002,6228.32,0.0,6228.32,3,0
2010-04-19,英国,74,15895,40226.36,259.1,39967.26,43,1942
2010-04-19,非英国,7,3442,3205.84,16.5,3189.34,5,0
2010-04-20,英国,68,12435,22623.89,106.75,22517.14,51,282
2010-04-20,非英国,5,1012,1677.3,30.85,1646.45,5,0
2010-04-21,英国,60,8377,17530.36,67.95,17462.41,46,160
2010-04-21,非英国,10,4873,9689.24,12.75,9676.49,7,48
2010-04-22,英国,116,18451,32493.72,1720.2,30773.52,101,204
2010-04-22,非英国,10,3106,4620.19,78.52,4541.67,9,0
2010-04-23,英国,55,9999,15851.14,1.65,15849.49,42,201
2010-04-23,非英国,4,202,382.15,64.14,318.01,4,0
2010-04-25,英国,48,7715,14913.03,355.8,14557.23,42,0
2010-04-25,非英国,2,635,1576.05,0.0,1576.05,2,0
2010-04-26,英国,96,17479,30901.56,62.6,30838.96,65,461
2010-04-26,非英国,5,2006,3870.75,0.0,3870.75,4,44
2010-04-27,英国,95,22789,44385.57,428.6,43956.97,73,260
2010-04-27,非英国,3,582,1487.7,12.75,1474.95,3,0
2010-04-28,英国,71,17324,28896.99,71.15,28825.84,58,197
2010-04-28,非英国,7,2031,3114.88,32.75,3082.13,7,0
2010-04-29,英国,88,14884,28295.37,232.34,28063.03,72,328
2010-04-29,非英国,8,2120,4018.65,170.59,3848.06,6,0
2010-04-30,英国,72,15270,24216.46,449.05,23767.41,57,282
2010-04-30,非英国,5,2227,3430.85,36.4,3394.45,4,41
2010-05-02,英国,38,5503,10878.25,54.0,10824.25,36,0
2010-05-02,非英国,3,790,1412.92,0.0,1412.92,3,0
2010-05-04,英国,69,8453,17850.47,518.7,17331.77,61,395
2010-05-04,非英国,10,2728,3704.6,98.95,3605.65,8,0
2010-05-05,英国,105,14786,25701.83,1267.58,24434.25,78,424
2010-05-05,非英国,5,810,1554.78,22.39,1532.39,4,0
2010-05-06,英国,96,10763,20679.12,1042.57,19636.55,76,351
2010-05-06,非英国,13,20302,32271.01,0.0,32271.01,11,0
2010-05-07,英国,71,22600,34725.17,826.45,33898.72,52,145
2010-05-07,非英国,2,561,740.01,0.0,740.01,2,0
2010-05-09,英国,60,9535,17899.45,53.15,17846.3,51,0
2010-05-09,非英国,4,2229,4918.37,0.0,4918.37,2,0
2010-05-10,英国,99,14076,28347.76,2490.37,25857.39,81,276
2010-05-10,非英国,7,1626,3271.14,36.55,3234.59,5,42
2010-05-11,英国,64,16118,24991.76,72.8,24918.96,56,337
2010-05-11,非英国,6,2025,3277.0,0.0,3277.0,6,0
2010-05-12,英国,56,14573,25615.96,122.7,25493.26,49,136
2010-05-12,非英国,14,7080,5379.76,0.0,5379.76,5,0
2010-05-13,英国,78,24614,36923.19,12668.77,24254.42,63,203
2010-05-13,非英国,7,2133,3434.95,29.7,3405.25,6,0
2010-05-14,英国,94,14345,18727.68,6736.25,11991.43,73,184
2010-05-14,非英国,5,0,0.0,190.35,-190.35,5,0
2010-05-16,英国,45,9129,15658.09,346.34,15311.75,36,0
2010-05-16,非英国,2,1872,2698.6,0.0,2698.6,2,0
2010-05-17,英国,68,12926,23542.06,1275.48,22266.58,57,204
2010-05-17,非英国,2,878,1543.15,0.0,1543.15,2,0
2010-05-18,英国,79,22012,27605.36,1595.04,26010.32,61,286
2010-05-18,非英国,3,425,818.57,24.4,794.17,3,0
2010-05-19,英国,65,9497,16763.3,613.27,16150.03,57,105
2010-05-19,非英国,4,146,782.8,80.07,702.73,4,0
2010-05-20,英国,79,14920,24322.5,267.18,24055.32,63,12
2010-05-20,非英国,5,665,1212.59,14.4,1198.19,5,0
2010-05-21,英国,59,7790,20170.16,302.22,19867.94,45,498
2010-05-21,非英国,10,2264,6381.78,23.7,6358.08,10,0
2010-05-23,英国,50,9241,17389.85,418.54,16971.31,38,18
2010-05-23,非英国,3,4638,7527.28,0.0,7527.28,3,0
2010-05-24,英国,70,31171,33297.61,134.65,33162.96,59,202
2010-05-24,非英国,6,1590,2145.33,124.25,2021.08,5,0
2010-05-25,英国,75,13514,19549.62,626.46,18923.16,59,204
2010-05-25,非英国,5,1487,2295.1,56.1,2239.0,5,0
2010-05-26,英国,100,15548,28458.11,257.32,28200.79,65,550
2010-05-26,非英国,9,3335,6299.4,42.75,6256.65,7,0
2010-05-27,英国,93,17821,30312.43,70.77,30241.66,77,213
2010-05-27,非英国,3,80,269.2,26.9,242.3,3,0
2010-05-28,英国,91,12063,20960.64,4097.12,16863.52,68,297
2010-05-28,非英国,4,560,543.46,456.0,87.46,3,0
2010-05-30,英国,35,6220,10733.47,108.65,10624.82,30,10
2010-06-01,英国,49,8077,15133.46,35.7,15097.76,33,304
2010-06-01,非英国,3,206,412.9,52.69,360.21,3,0
2010-06-02,英国,46,11527,15682.49,103.42,15579.07,37,278
2010-06-02,非英国,2,276,319.2,0.0,319.2,2,0
2010-06-03,英国,93,12255,21562.08,710.34,20851.74,72,303
2010-06-03,非英国,10,5323,7802.31,114.45,7687.86,8,0
2010-06-04,英国,49,7552,19455.1,5.45,19449.65,27,874
2010-06-04,非英国,5,596,842.23,47.75,794.48,5,0
2010-06-06,英国,71,12981,23799.46,101.7,23697.76,61,0
2010-06-06,非英国,2,1093,1601.19,0.0,1601.19,2,0
2010-06-07,英国,106,27845,46700.2,4060.03,42640.17,82,369
2010-06-07,非英国,7,1578,2154.58,110.55,2044.03,3,0
2010-06-08,英国,85,24961,49580.99,590.75,48990.24,63,454
2010-06-08,非英国,5,845,1699.55,211.2,1488.35,2,0
2010-06-09,英国,82,23792,35461.57,789.2,34672.37,67,224
2010-06-09,非英国,5,1613,2634.05,0.0,2634.05,5,0
2010-06-10,英国,89,9096,17097.61,2382.49,14715.12,76,5
2010-06-10,非英国,6,577,847.73,148.2,699.53,6,0
2010-06-11,英国,77,18798,26677.54,203.35,26474.19,62,343
2010-06-11,非英国,6,2574,6042.53,0.0,6042.53,4,0
2010-06-13,英国,75,10626,20437.47,135.6,20301.87,58,19
2010-06-13,非英国,3,492,957.02,0.0,957.02,3,0
2010-06-14,英国,66,13588,18735.34,953.26,17782.08,57,388
2010-06-14,非英国,6,2469,5094.41,0.0,5094.41,4,0
2010-06-15,英国,61,11866,19503.71,313.38,19190.33,46,427
2010-06-15,非英国,4,7620,10546.22,53.55,10492.67,4,0
2010-06-16,英国,88,17801,29496.1,127.99,29368.11,70,200
2010-06-16,非英国,3,1176,1438.26,0.0,1438.26,3,0
2010-06-17,英国,82,11378,21051.02,292.88,20758.14,64,180
2010-06-17,非英国,6,1816,2755.43,0.0,2755.43,4,0
2010-06-18,英国,53,6167,13297.24,116.59,13180.65,46,143
2010-06-18,非英国,3,3399,5096.59,0.0,5096.59,3,0
2010-06-20,英国,25,3417,7337.44,12.75,7324.69,24,0
2010-06-20,非英国,2,1066,1669.14,0.0,1669.14,2,0
2010-06-21,英国,44,10031,19004.9,10.95,18993.95,39,346
2010-06-21,非英国,1,2028,1956.84,0.0,1956.84,1,0
2010-06-22,英国,39,6208,12623.4,16.6,12606.8,31,282
2010-06-22,非英国,6,759,1680.45,68.0,1612.45,6,0
2010-06-23,英国,62,14721,24082.48,2.55,24079.93,49,392
2010-06-23,非英国,7,1501,3496.89,0.0,3496.89,5,0
2010-06-24,英国,95,7520,17731.6,1369.1,16362.5,61,535
2010-06-24,非英国,9,3750,6031.4,54.95,5976.45,7,24
2010-06-25,英国,42,7436,15681.73,15.25,15666.48,34,523
2010-06-25,非英国,2,558,1300.59,0.0,1300.59,1,15
2010-06-27,英国,62,10851,18706.92,1262.5,17444.42,52,0
2010-06-28,英国,66,22031,33860.61,8494.59,25366.02,58,335
2010-06-28,非英国,12,12490,19446.51,140.45,19306.06,10,0
2010-06-29,英国,66,18867,29797.81,332.0,29465.81,50,326
2010-06-29,非英国,11,2018,4291.03,0.0,4291.03,9,0
2010-06-30,英国,119,17479,28250.43,2709.6,25540.83,101,347
2010-06-30,非英国,12,3547,5788.07,187.05,5601.02,10,0
2010-07-01,英国,85,14100,25197.53,237.39,24960.14,75,140
2010-07-01,非英国,8,2370,4570.22,27.0,4543.22,8,0
2010-07-02,英国,46,6040,11725.94,92.55,11633.39,35,16
2010-07-02,非英国,6,2647,4830.63,103.33,4727.3,5,0
2010-07-04,英国,22,5302,10376.29,7.95,10368.34,20,0
2010-07-05,英国,99,15187,29757.11,531.64,29225.47,75,185
2010-07-05,非英国,10,1433,2721.87,46.35,2675.52,9,0
2010-07-06,英国,55,10898,20144.08,116.95,20027.13,44,378
2010-07-06,非英国,8,1051,2984.19,87.95,2896.24,8,0
2010-07-07,英国,79,11899,26090.81,419.95,25670.86,52,607
2010-07-07,非英国,6,2770,4883.11,0.0,4883.11,6,0
2010-07-08,英国,72,9517,17244.16,299.5,16944.66,59,29
2010-07-08,非英国,6,2227,2080.21,17.85,2062.36,5,0
2010-07-09,英国,38,5286,16859.39,3479.85,13379.54,29,393
2010-07-09,非英国,5,8782,20065.67,32.3,20033.37,4,0
2010-07-11,英国,29,5806,7784.95,2.9,7782.05,24,45
2010-07-12,英国,53,9014,17745.01,284.9,17460.11,39,290
2010-07-12,非英国,3,699,1549.97,0.0,1549.97,2,0
2010-07-13,英国,57,8224,17334.54,348.54,16986.0,38,302
2010-07-13,非英国,4,1816,3178.81,0.0,3178.81,3,39
2010-07-14,英国,95,10846,18440.54,1230.89,17209.65,77,297
2010-07-14,非英国,9,2533,4845.49,38.4,4807.09,7,65
2010-07-15,英国,76,26806,54216.34,69.61,54146.73,56,92
2010-07-15,非英国,6,1001,1988.86,0.0,1988.86,6,0
2010-07-16,英国,93,10751,17481.4,1063.41,16417.99,77,193
2010-07-16,非英国,8,3556,4869.9,1043.85,3826.05,5,0
2010-07-18,英国,40,8200,13040.67,195.74,12844.93,36,0
2010-07-18,非英国,2,1429,1903.22,0.0,1903.22,1,19
2010-07-19,英国,57,13571,24030.21,76.95,23953.26,52,231
2010-07-19,非英国,7,4955,6149.15,54.75,6094.4,7,0
2010-07-20,英国,58,11171,22756.65,404.95,22351.7,49,192
2010-07-20,非英国,3,910,1753.8,0.0,1753.8,3,0
2010-07-21,英国,75,12092,20527.23,445.21,20082.02,62,303
2010-07-21,非英国,5,1072,1247.16,39.45,1207.71,5,0
2010-07-22,英国,86,13398,25269.22,668.38,24600.84,62,422
2010-07-22,非英国,4,522,466.76,19.8,446.96,4,0
2010-07-23,英国,49,11773,22817.58,184.47,22633.11,38,170
2010-07-23,非英国,5,1538,2515.47,617.5,1897.97,4,0
2010-07-25,英国,51,11138,16282.72,23.65,16259.07,45,0
2010-07-25,非英国,7,382,707.49,155.55,551.94,6,0
2010-07-26,英国,68,13684,21685.85,1756.84,19929.01,51,382
2010-07-26,非英国,6,1308,2024.97,26.3,1998.67,6,0
2010-07-27,英国,72,13063,26132.13,1497.05,24635.08,53,17
2010-07-27,非英国,7,1245,2052.74,5.0,2047.74,6,13
2010-07-28,英国,79,12028,20428.44,349.62,20078.82,70,4
2010-07-28,非英国,3,1333,2805.68,0.0,2805.68,3,0
2010-07-29,英国,87,13320,32867.14,531.5,32335.64,72,437
2010-07-29,非英国,5,433,844.81,41.95,802.86,5,0
2010-07-30,英国,61,7977,14152.46,325.26,13827.2,44,128
2010-07-30,非英国,6,457,1650.85,129.75,1521.1,4,19
2010-08-01,英国,36,9674,30432.7,204.79,30227.91,29,0
2010-08-02,英国,65,11603,26306.09,178.34,26127.75,47,79
2010-08-02,非英国,3,257,533.81,0.0,533.81,3,0
2010-08-03,英国,74,15268,23025.93,763.07,22262.86,57,435
2010-08-03,非英国,4,1044,2146.16,10.38,2135.78,3,0
2010-08-04,英国,58,10839,18752.14,415.33,18336.81,51,374
2010-08-04,非英国,3,889,1569.43,0.0,1569.43,3,0
2010-08-05,英国,60,16318,22890.47,444.6,22445.87,54,29
2010-08-05,非英国,4,505,1358.96,421.4,937.56,3,76
2010-08-06,英国,53,9452,14172.76,1574.39,12598.37,39,73
2010-08-06,非英国,3,466,918.55,0.0,918.55,3,0
2010-08-08,英国,46,7628,13210.91,74.36,13136.55,40,1
2010-08-08,非英国,1,492,751.6,0.0,751.6,1,0
2010-08-09,英国,53,11831,17632.64,426.92,17205.72,41,18
2010-08-09,非英国,7,88383,13830.63,19.55,13811.08,6,0
2010-08-10,英国,49,7746,16577.59,958.03,15619.56,35,806
2010-08-10,非英国,4,12300,18145.02,0.0,18145.02,2,0
2010-08-11,英国,45,7919,19748.08,47.15,19700.93,33,305
2010-08-11,非英国,4,269,633.97,8.4,625.57,4,0
2010-08-12,英国,109,17632,27514.96,792.88,26722.08,79,262
2010-08-12,非英国,4,577,923.49,58.9,864.59,4,0
2010-08-13,英国,60,17494,35705.83,874.26,34831.57,42,632
2010-08-13,非英国,5,656,1007.3,20.45,986.85,3,27
2010-08-15,英国,57,16142,19539.51,133.85,19405.66,49,0
2010-08-15,非英国,4,1183,2323.67,0.0,2323.67,2,72
2010-08-16,英国,47,9229,17874.35,176.37,17697.98,36,269
2010-08-16,非英国,2,1846,2332.11,0.0,2332.11,2,0
2010-08-17,英国,60,13684,23618.73,388.97,23229.76,53,140
2010-08-17,非英国,4,4713,6547.63,10.0,6537.63,4,0
2010-08-18,英国,56,13987,23321.79,33.4,23288.39,45,236
2010-08-18,非英国,3,8857,13478.37,0.0,13478.37,3,0
2010-08-19,英国,75,18587,26278.45,371.4,25907.05,55,218
2010-08-19,非英国,9,3914,5962.49,56.45,5906.04,7,0
2010-08-20,英国,50,15855,20801.27,93.25,20708.02,41,269
2010-08-20,非英国,12,3113,4016.32,15.0,4001.32,10,0
2010-08-22,英国,59,12687,20822.59,63.6,20758.99,49,0
2010-08-22,非英国,5,1192,1773.42,0.0,1773.42,4,0
2010-08-23,英国,53,10503,18004.63,253.13,17751.5,42,149
2010-08-23,非英国,6,2747,3739.95,0.0,3739.95,4,0
2010-08-24,英国,66,18085,25892.56,1946.61,23945.95,56,89
2010-08-24,非英国,6,990,1367.66,51.6,1316.06,5,0
2010-08-25,英国,84,16581,29485.5,793.55,28691.95,66,175
2010-08-25,非英国,6,980,1822.23,59.4,1762.83,6,0
2010-08-26,英国,80,15715,31580.6,149.2,31431.4,61,320
2010-08-26,非英国,7,1876,3024.72,15.9,3008.82,7,0
2010-08-27,英国,34,6370,13177.43,29.7,13147.73,28,352
2010-08-27,非英国,1,942,1868.56,0.0,1868.56,1,0
2010-08-29,英国,40,8762,14426.95,6.35,14420.6,36,0
2010-08-31,英国,57,11960,29485.08,190.62,29294.46,42,618
2010-08-31,非英国,11,2197,3837.3,266.05,3571.25,10,0
2010-09-01,英国,66,6277,14073.53,623.36,13450.17,58,295
2010-09-01,非英国,15,6621,8768.59,294.09,8474.5,14,26
2010-09-02,英国,81,15593,24993.42,425.45,24567.97,69,330
2010-09-02,非英国,11,6347,9553.1,90.0,9463.1,9,0
2010-09-03,英国,68,30327,35308.91,385.89,34923.02,54,260
2010-09-03,非英国,6,886,1616.16,14.85,1601.31,6,0
2010-09-05,英国,32,6147,10260.23,18.95,10241.28,31,0
2010-09-05,非英国,4,1068,1920.58,0.0,1920.58,4,0
2010-09-06,英国,49,9623,19070.81,52.65,19018.16,36,481
2010-09-06,非英国,12,6571,8967.57,186.4,8781.17,9,0
2010-09-07,英国,50,14217,24109.7,16.8,24092.9,43,321
2010-09-07,非英国,5,1521,3066.3,0.0,3066.3,5,0
2010-09-08,英国,44,8853,14729.87,121.92,14607.95,39,116
2010-09-08,非英国,6,1345,2536.66,91.05,2445.61,5,0
2010-09-09,英国,70,8945,17028.43,336.35,16692.08,61,137
2010-09-09,非英国,12,4226,7394.59,45.56,7349.03,12,0
2010-09-10,英国,46,9826,16409.07,1004.9,15404.17,37,186
2010-09-10,非英国,3,577,938.97,80.85,858.12,3,0
2010-09-12,英国,47,7519,13569.1,7.95,13561.15,44,0
2010-09-12,非英国,2,1754,1951.4,0.0,1951.4,2,0
2010-09-13,英国,96,26732,34599.77,169.07,34430.7,62,571
2010-09-13,非英国,8,1651,2700.75,41.5,2659.25,6,12
2010-09-14,英国,54,9890,17874.25,0.0,17874.25,49,149
2010-09-14,非英国,9,1474,2802.94,83.95,2718.99,9,0
2010-09-15,英国,64,11866,19966.49,280.6,19685.89,51,100
2010-09-15,非英国,9,9590,14409.18,0.0,14409.18,9,0
2010-09-16,英国,81,11727,22006.85,485.0,21521.85,60,6
2010-09-16,非英国,9,2672,4742.47,49.8,4692.67,9,0
2010-09-17,英国,69,10027,18159.59,641.79,17517.8,54,175
2010-09-17,非英国,6,1785,2532.78,18.15,2514.63,6,0
2010-09-19,英国,59,12478,20820.07,14.95,20805.12,53,25
2010-09-19,非英国,1,1218,2060.26,0.0,2060.26,1,0
2010-09-20,英国,74,22602,36925.74,923.36,36002.38,53,430
2010-09-20,非英国,11,2440,4850.97,7.5,4843.47,9,0
2010-09-21,英国,123,32898,55221.63,1006.15,54215.48,96,397
2010-09-21,非英国,13,4162,6962.84,70.1,6892.74,8,0
2010-09-22,英国,76,13073,26520.27,0.0,26520.27,35,327
2010-09-22,非英国,8,1468,3087.62,891.4,2196.22,5,0
2010-09-23,英国,84,19822,32895.55,97.99,32797.56,70,183
2010-09-23,非英国,4,1513,3013.92,9.9,3004.02,3,28
2010-09-24,英国,56,12240,22649.63,38.23,22611.4,42,222
2010-09-24,非英国,7,15786,25519.98,17.3,25502.68,4,0
2010-09-26,英国,73,13317,21513.3,374.45,21138.85,56,12
2010-09-26,非英国,2,67,187.85,17.3,170.55,2,0
2010-09-27,英国,78,118537,90067.42,72.24,89995.18,62,435
2010-09-27,非英国,13,6931,12357.63,4982.83,7374.8,6,0
2010-09-28,英国,162,21496,41353.7,891.68,40462.02,114,644
2010-09-28,非英国,9,2122,4151.64,11902.09,-7750.45,8,0
2010-09-29,英国,102,19571,35362.72,247.82,35114.9,81,225
2010-09-29,非英国,8,1155,1984.39,42.4,1941.99,7,0
2010-09-30,英国,97,20826,39448.55,389.75,39058.8,77,337
2010-09-30,非英国,14,3989,6259.42,122.1,6137.32,12,0
2010-10-01,英国,70,17176,30388.25,230.9,30157.35,55,292
2010-10-01,非英国,13,5021,6598.0,78.28,6519.72,12,0
2010-10-03,英国,80,13162,25634.09,234.05,25400.04,64,31
2010-10-03,非英国,9,7175,12735.62,32.85,12702.77,6,0
2010-10-04,英国,80,21360,34869.07,27.75,34841.32,69,511
2010-10-04,非英国,10,2152,3497.4,222.14,3275.26,7,0
2010-10-05,英国,151,33335,52478.78,1083.25,51395.53,125,259
2010-10-05,非英国,9,1497,1989.18,83.4,1905.78,8,0
2010-10-06,英国,62,20579,27823.08,173.95,27649.13,56,37
2010-10-06,非英国,4,1288,2638.36,0.0,2638.36,4,0
2010-10-07,英国,136,27952,48571.3,795.9,47775.4,106,716
2010-10-07,非英国,6,2104,3688.19,153.34,3534.85,6,0
2010-10-08,英国,87,35225,51478.58,533.7,50944.88,66,467
2010-10-08,非英国,8,6178,7665.87,70.85,7595.02,8,0
2010-10-10,英国,67,10805,20804.98,80.65,20724.33,55,2
2010-10-10,非英国,4,1602,2149.53,0.0,2149.53,4,0
2010-10-11,英国,99,19225,34835.17,404.76,34430.41,84,440
2010-10-11,非英国,10,5671,7925.31,10.2,7915.11,10,0
2010-10-12,英国,130,27410,46137.24,692.32,45444.92,106,451
2010-10-12,非英国,10,2098,3035.8,25.4,3010.4,10,0
2010-10-13,英国,82,23953,35232.06,208.49,35023.57,71,202
2010-10-13,非英国,13,16125,17407.61,82.95,17324.66,11,0
2010-10-14,英国,101,28063,74317.83,585.23,73732.6,81,37
2010-10-14,非英国,12,9041,12597.32,506.44,12090.88,8,0
2010-10-15,英国,103,18005,35796.04,176.9,35619.14,72,521
2010-10-15,非英国,9,4298,7844.09,0.0,7844.09,9,0
2010-10-17,英国,79,18339,31169.89,300.18,30869.71,63,0
2010-10-17,非英国,1,636,1917.0,0.0,1917.0,0,63
2010-10-18,英国,128,17474,36690.57,998.63,35691.94,106,643
2010-10-18,非英国,9,2226,3789.06,91.15,3697.91,8,0
2010-10-19,英国,79,23105,41105.76,279.5,40826.26,65,484
2010-10-19,非英国,10,4121,8254.55,4754.27,3500.28,6,0
2010-10-20,英国,107,22884,43013.11,246.39,42766.72,85,222
2010-10-20,非英国,8,1145,1744.33,24.75,1719.58,7,0
2010-10-21,英国,98,14369,29648.33,362.87,29285.46,79,197
2010-10-21,非英国,16,3416,8860.5,198.65,8661.85,9,111
2010-10-22,英国,107,20371,34893.94,1333.61,33560.33,84,550
2010-10-22,非英国,13,2719,4461.23,111.07,4350.16,10,0
2010-10-24,英国,82,14609,27327.0,107.45,27219.55,71,1
2010-10-24,非英国,4,816,1183.64,0.0,1183.64,3,0
2010-10-25,英国,85,13311,26635.86,306.55,26329.31,71,209
2010-10-25,非英国,7,1151,2325.64,34.7,2290.94,6,0
2010-10-26,英国,109,20163,34025.93,576.93,33449.0,93,455
2010-10-26,非英国,17,5790,11176.83,12.75,11164.08,14,0
2010-10-27,英国,64,11892,23948.45,53.25,23895.2,57,262
2010-10-27,非英国,10,4284,8129.33,15.66,8113.67,9,0
2010-10-28,英国,70,12090,26024.66,7199.78,18824.88,57,396
2010-10-28,非英国,7,2195,3464.78,62.9,3401.88,5,1
2010-10-29,英国,81,22479,42374.1,1807.9,40566.2,60,547
2010-10-29,非英国,6,3081,4353.7,0.0,4353.7,5,44
2010-10-31,英国,85,15627,28847.81,78.43,28769.38,76,5
2010-10-31,非英国,3,722,1058.88,0.0,1058.88,3,0
2010-11-01,英国,64,13192,25624.43,403.65,25220.78,50,785
2010-11-01,非英国,5,914,1415.79,447.33,968.46,4,0
2010-11-02,英国,110,22058,40137.48,2889.39,37248.09,94,280
2010-11-02,非英国,12,2084,4163.53,713.05,3450.48,11,0
2010-11-03,英国,92,13771,26902.65,1125.53,25777.12,80,294
2010-11-03,非英国,13,9843,17785.04,10.0,17775.04,8,0
2010-11-04,英国,162,55195,81591.09,1136.88,80454.21,127,599
2010-11-04,非英国,11,5066,7260.91,181.1,7079.81,10,0
2010-11-05,英国,69,16091,33678.87,214.6,33464.27,56,391
2010-11-05,非英国,23,6340,12136.53,343.14,11793.39,13,96
2010-11-07,英国,86,17085,29233.67,241.54,28992.13,71,27
2010-11-07,非英国,4,1324,2183.57,0.0,2183.57,4,0
2010-11-08,英国,85,29499,77627.21,201.95,77425.26,69,848
2010-11-08,非英国,11,2877,5577.42,255.4,5322.02,11,0
2010-11-09,英国,128,30819,56731.31,2250.46,54480.85,98,258
2010-11-09,非英国,12,4524,8333.89,4170.24,4163.65,8,9
2010-11-10,英国,139,32556,73412.03,494.56,72917.47,103,846
2010-11-10,非英国,11,2612,5795.52,28.35,5767.17,10,0
2010-11-11,英国,172,32492,59845.09,1599.02,58246.07,130,490
2010-11-11,非英国,7,1877,3500.31,134.1,3366.21,6,1
2010-11-12,英国,101,20120,43614.36,146.57,43467.79,74,1285
2010-11-12,非英国,15,3072,5446.47,0.0,5446.47,12,16
2010-11-14,英国,91,16225,27074.53,119.4,26955.13,74,146
2010-11-14,非英国,3,1069,1847.93,0.0,1847.93,2,14
2010-11-15,英国,104,34420,96554.88,130.04,96424.84,80,1264
2010-11-15,非英国,10,3530,6781.47,71.95,6709.52,6,0
2010-11-16,英国,131,29760,49414.74,1181.94,48232.8,117,612
2010-11-16,非英国,16,9464,21485.16,233.0,21252.16,15,0
2010-11-17,英国,122,22571,41585.81,440.25,41145.56,95,602
2010-11-17,非英国,10,5965,8946.11,50.7,8895.41,5,0
2010-11-18,英国,106,19037,39608.03,290.01,39318.02,91,827
2010-11-18,非英国,12,2311,4356.44,234.5,4121.94,9,0
2010-11-19,英国,122,19942,36750.47,760.17,35990.3,99,331
2010-11-19,非英国,20,5312,9062.25,34.65,9027.6,18,27
2010-11-21,英国,92,16847,29540.42,74.88,29465.54,82,0
2010-11-21,非英国,10,1093,2179.88,19.8,2160.08,8,0
2010-11-22,英国,93,17382,37809.26,94.37,37714.89,76,1294
2010-11-22,非英国,7,2371,3803.27,29.7,3773.57,7,0
2010-11-23,英国,135,24650,53583.56,4596.16,48987.4,109,892
2010-11-23,非英国,14,2142,3526.41,82.3,3444.11,11,0
2010-11-24,英国,178,27377,58601.46,1376.64,57224.82,138,1002
2010-11-24,非英国,7,1361,1689.06,2324.98,-635.92,3,75
2010-11-25,英国,173,37377,69717.54,677.42,69040.12,145,485
2010-11-25,非英国,2,594,1668.4,14.3,1654.1,2,0
2010-11-26,英国,75,13600,31533.33,337.6,31195.73,59,710
2010-11-26,非英国,16,3766,7486.49,26.9,7459.59,15,0
2010-11-28,英国,99,14931,24215.55,267.87,23947.68,79,1
2010-11-28,非英国,3,1339,2473.11,0.0,2473.11,3,0
2010-11-29,英国,102,22574,50821.43,194.29,50627.14,81,1365
2010-11-29,非英国,12,17399,26237.14,0.0,26237.14,9,36
2010-11-30,英国,153,21238,50601.89,4361.75,46240.14,130,158
2010-11-30,非英国,13,5208,8798.65,86.55,8712.1,9,0
2010-12-01,英国,124,23909,53436.62,175.43,53261.19,90,1128
2010-12-01,非英国,8,2899,4005.71,122.3,3883.41,7,0
2010-12-02,英国,160,31109,47436.57,1516.6,45919.97,112,63
2010-12-02,非英国,4,153,159.85,24.5,135.35,4,0
2010-12-03,英国,61,11760,39497.88,1323.25,38174.63,42,1036
2010-12-03,非英国,14,4376,5291.02,0.0,5291.02,13,11
2010-12-05,英国,85,13396,25400.92,361.71,25039.21,70,1
2010-12-05,非英国,9,2767,5507.75,0.0,5507.75,6,0
2010-12-06,英国,113,20840,50304.78,914.87,49389.91,85,1888
2010-12-06,非英国,7,752,1362.34,51.0,1311.34,5,0
2010-12-07,英国,85,23946,78913.42,388.32,78525.1,65,1744
2010-12-07,非英国,4,1214,2541.57,0.0,2541.57,4,0
2010-12-08,英国,131,20346,40430.56,920.27,39510.29,105,616
2010-12-08,非英国,7,2644,3723.42,12.75,3710.67,7,0
2010-12-09,英国,124,15984,40927.97,997.6,39930.37,107,1021
2010-12-09,非英国,16,3880,9064.55,54.45,9010.1,15,0
2010-12-10,英国,78,18959,52401.22,1584.93,50816.29,50,1299
2010-12-10,非英国,4,1981,4286.91,0.0,4286.91,4,0
2010-12-12,英国,50,8128,13535.06,88.15,13446.91,41,3
2010-12-12,非英国,1,2409,3590.59,0.0,3590.59,1,0
2010-12-13,英国,77,17396,35821.21,188.35,35632.86,59,994
2010-12-13,非英国,4,297,753.46,24.9,728.56,2,0
2010-12-14,英国,133,19086,41552.04,1131.59,40420.45,98,381
2010-12-14,非英国,6,1156,2775.07,1275.6,1499.47,4,0
2010-12-15,英国,89,18270,30171.67,609.4,29562.27,80,18
2010-12-15,非英国,4,134,195.89,300.5,-104.61,4,0
2010-12-16,英国,143,28243,47503.33,772.7,46730.63,113,83
2010-12-16,非英国,7,1609,1364.81,245.85,1118.96,4,0
2010-12-17,英国,51,9692,31197.08,1866.14,29330.94,35,2348
2010-12-17,非英国,19,7189,9993.58,0.0,9993.58,17,28
2010-12-19,英国,23,3242,6529.5,17.6,6511.9,15,24
2010-12-19,非英国,2,487,758.97,0.0,758.97,2,0
2010-12-20,英国,78,13239,22464.44,972.54,21491.9,52,837
2010-12-20,非英国,9,1658,3050.37,1060.96,1989.41,7,1
2010-12-21,英国,58,8232,33837.83,200.4,33637.43,25,1146
2010-12-21,非英国,5,7349,9808.13,0.0,9808.13,5,0
2010-12-22,英国,19,2237,4190.45,65.4,4125.05,15,5
2010-12-22,非英国,2,839,666.12,0.0,666.12,2,0
2010-12-23,英国,32,4690,9759.44,207.85,9551.59,19,607
2010-12-23,非英国,5,1035,1505.4,71.95,1433.45,4,1
2011-01-04,英国,41,8329,14977.32,1035.6,13941.72,37,409
2011-01-04,非英国,1,288,347.56,0.0,347.56,1,0
2011-01-05,英国,58,19029,30696.34,158.95,30537.39,46,615
2011-01-05,非英国,11,728,1265.18,627.05,638.13,10,1
2011-01-06,英国,66,17877,32105.05,1124.48,30980.57,58,500
2011-01-06,非英国,7,5240,7863.4,148.35,7715.05,7,0
2011-01-07,英国,51,13274,22007.78,1603.45,20404.33,42,691
2011-01-07,非英国,7,3857,5653.89,0.0,5653.89,7,0
2011-01-09,英国,47,7321,14118.52,66.15,14052.37,44,0
2011-01-09,非英国,4,798,1282.16,0.0,1282.16,4,0
2011-01-10,英国,36,10748,19405.61,340.53,19065.08,29,1142
2011-01-10,非英国,8,2098,3899.68,36.9,3862.78,6,15
2011-01-11,英国,70,25639,61539.26,822.47,60716.79,53,553
2011-01-11,非英国,8,2779,6317.7,0.0,6317.7,8,0
2011-01-12,英国,51,9091,20829.61,716.74,20112.87,41,879
2011-01-12,非英国,8,1497,2588.94,11.2,2577.74,8,0
2011-01-13,英国,48,9321,17522.21,91.1,17431.11,45,705
2011-01-13,非英国,2,836,2076.11,0.0,2076.11,2,0
2011-01-14,英国,47,7342,16759.73,199.64,16560.09,38,684
2011-01-14,非英国,9,15773,29395.23,0.0,29395.23,8,0
2011-01-16,英国,29,4084,6973.89,125.45,6848.44,22,0
2011-01-17,英国,49,12028,24887.12,45.7,24841.42,42,1587
2011-01-17,非英国,5,1330,2859.56,0.0,2859.56,5,0
2011-01-18,英国,44,81034,91289.76,77297.25,13992.51,29,900
2011-01-18,非英国,4,1887,3074.77,0.0,3074.77,4,0
2011-01-19,英国,32,8033,12788.56,337.51,12451.05,27,453
2011-01-19,非英国,8,9302,12301.84,11.25,12290.59,8,0
2011-01-20,英国,40,8028,15633.2,263.23,15369.97,30,783
2011-01-20,非英国,7,2435,4754.15,109.5,4644.65,7,0
2011-01-21,英国,56,9258,22617.32,594.16,22023.16,45,840
2011-01-21,非英国,5,6035,8926.88,67.7,8859.18,5,0
2011-01-23,英国,29,5074,9791.6,114.3,9677.3,26,0
2011-01-23,非英国,1,120,406.5,0.0,406.5,1,0
2011-01-24,英国,50,8922,16685.8,178.17,16507.63,38,646
2011-01-24,非英国,8,3012,7611.07,0.0,7611.07,7,53
2011-01-25,英国,76,12612,23311.86,1028.7,22283.16,61,400
2011-01-25,非英国,9,2911,4794.79,77.25,4717.54,9,0
2011-01-26,英国,63,8767,15818.68,428.97,15389.71,51,261
2011-01-26,非英国,6,2151,3322.49,0.0,3322.49,6,0
2011-01-27,英国,58,9411,18002.62,770.49,17232.13,53,184
2011-01-27,非英国,10,1847,5277.35,142.61,5134.74,10,0
2011-01-28,英国,42,6013,14810.59,1435.47,13375.12,37,251
2011-01-28,非英国,7,3819,4823.87,79.71,4744.16,7,0
2011-01-30,英国,25,3383,6542.61,159.31,6383.3,22,0
2011-01-31,英国,76,10393,16797.64,1190.46,15607.18,55,469
2011-01-31,非英国,9,2987,5683.66,85.25,5598.41,9,0
2011-02-01,英国,67,14335,25736.63,548.27,25188.36,56,300
2011-02-01,非英国,9,1467,2772.3,49.5,2722.8,9,0
2011-02-02,英国,62,8950,19069.64,142.25,18927.39,53,395
2011-02-02,非英国,7,745,1086.15,25.5,1060.65,5,1
2011-02-03,英国,42,14779,19952.95,30.95,19922.0,39,128
2011-02-03,非英国,8,913,2976.25,86.3,2889.95,8,0
2011-02-04,英国,51,11652,21611.79,96.12,21515.67,36,468
2011-02-04,非英国,7,1027,2224.43,53.9,2170.53,6,0
2011-02-06,英国,11,2036,3439.67,0.0,3439.67,11,0
2011-02-07,英国,44,8553,23267.71,266.14,23001.57,34,274
2011-02-07,非英国,7,573,2253.91,162.88,2091.03,5,0
2011-02-08,英国,44,8554,18310.77,25.05,18285.72,35,576
2011-02-08,非英国,7,1529,1588.99,151.73,1437.26,7,0
2011-02-09,英国,24,3414,8570.76,0.0,8570.76,17,434
2011-02-09,非英国,5,3710,6950.57,0.0,6950.57,5,0
2011-02-10,英国,60,11193,13970.88,1372.07,12598.81,53,59
2011-02-10,非英国,3,679,619.51,0.0,619.51,3,0
2011-02-11,英国,80,9617,19819.45,1010.55,18808.9,62,335
2011-02-11,非英国,4,900,2572.46,137.05,2435.41,4,0
2011-02-13,英国,24,2723,5645.48,178.23,5467.25,21,0
2011-02-14,英国,43,10913,21144.88,116.1,21028.78,37,345
2011-02-14,非英国,8,2644,5057.6,39.05,5018.55,6,36
2011-02-15,英国,57,10857,19176.03,143.45,19032.58,43,270
2011-02-15,非英国,5,11805,20374.73,0.0,20374.73,4,0
2011-02-16,英国,63,13209,20635.98,200.29,20435.69,51,183
2011-02-16,非英国,5,2900,3952.38,0.0,3952.38,5,0
2011-02-17,英国,65,13313,22794.48,10.8,22783.68,44,646
2011-02-17,非英国,6,1078,1948.9,0.0,1948.9,6,0
2011-02-18,英国,48,8099,14474.7,152.0,14322.7,40,216
2011-02-18,非英国,8,1041,1377.7,45.85,1331.85,7,0
2011-02-20,英国,29,5214,9434.4,45.8,9388.6,26,0
2011-02-21,英国,35,6904,12705.47,218.9,12486.57,32,375
2011-02-21,非英国,12,14608,22561.32,17.0,22544.32,9,47
2011-02-22,英国,59,18926,28919.12,159.28,28759.84,49,421
2011-02-22,非英国,3,2940,3211.7,24.55,3187.15,3,0
2011-02-23,英国,62,12498,23556.95,68.65,23488.3,49,599
2011-02-23,非英国,4,1226,2218.26,0.0,2218.26,3,0
2011-02-24,英国,60,11109,20919.58,149.11,20770.47,53,160
2011-02-24,非英国,4,780,1651.4,4.9,1646.5,4,0
2011-02-25,英国,46,9699,18657.91,17.1,18640.81,39,157
2011-02-25,非英国,5,860,1470.65,2548.8,-1078.15,5,0
2011-02-27,英国,33,4535,8859.56,35.45,8824.11,29,0
2011-02-27,非英国,2,287,505.15,0.0,505.15,2,0
2011-02-28,英国,48,8457,17284.5,1.95,17282.55,41,693
2011-02-28,非英国,8,1379,2532.89,0.0,2532.89,8,0
2011-03-01,英国,54,8173,14966.14,42.95,14923.19,45,253
2011-03-01,非英国,8,3944,9363.4,0.0,9363.4,7,0
2011-03-02,英国,62,8147,17825.8,350.95,17474.85,56,1
2011-03-02,非英国,3,465,844.14,43.39,800.75,2,0
2011-03-03,英国,57,8744,17337.99,330.15,17007.84,53,416
2011-03-03,非英国,10,11318,18390.32,193.65,18196.67,7,1
2011-03-04,英国,43,11803,16466.52,31.93,16434.59,31,212
2011-03-04,非英国,8,1747,2617.03,0.0,2617.03,7,0
2011-03-06,英国,35,5027,9959.62,375.09,9584.53,28,1
2011-03-07,英国,91,13626,30269.03,599.15,29669.88,65,799
2011-03-07,非英国,6,368,797.61,56.9,740.71,6,0
2011-03-08,英国,46,12982,22183.71,26.9,22156.81,38,393
2011-03-08,非英国,5,1541,2364.82,37.25,2327.57,5,0
2011-03-09,英国,54,10222,19122.58,121.85,19000.73,47,223
2011-03-09,非英国,4,1621,2561.34,0.0,2561.34,4,0
2011-03-10,英国,73,10315,17635.68,314.87,17320.81,63,177
2011-03-10,非英国,9,5265,8276.94,198.4,8078.54,5,0
2011-03-11,英国,53,9574,20187.95,84.25,20103.7,42,290
2011-03-11,非英国,3,936,1574.27,14.25,1560.02,3,0
2011-03-13,英国,16,2523,3761.85,10.5,3751.35,15,0
2011-03-13,非英国,1,183,307.29,0.0,307.29,1,0
2011-03-14,英国,50,10126,18555.31,100.21,18455.1,41,3
2011-03-14,非英国,10,6600,7079.47,54.75,7024.72,8,0
2011-03-15,英国,53,7279,15494.95,234.7,15260.25,39,423
2011-03-15,非英国,6,1650,4218.92,15.0,4203.92,6,0
2011-03-16,英国,53,12249,19992.72,765.72,19227.0,44,19
2011-03-16,非英国,5,604,1504.45,0.0,1504.45,5,0
2011-03-17,英国,75,18406,31769.86,357.38,31412.48,63,973
2011-03-17,非英国,8,2552,6649.98,56.7,6593.28,8,0
2011-03-18,英国,64,12412,23815.22,290.43,23524.79,46,285
2011-03-18,非英国,6,1501,2846.64,0.0,2846.64,5,0
2011-03-20,英国,58,13149,20156.59,165.9,19990.69,51,239
2011-03-20,非英国,6,879,1256.25,0.0,1256.25,6,0
2011-03-21,英国,64,10065,16130.85,318.66,15812.19,54,65
2011-03-21,非英国,5,225,518.62,26.59,492.03,4,0
2011-03-22,英国,50,14793,26697.79,82.9,26614.89,36,1110
2011-03-22,非英国,7,1731,3036.99,120.33,2916.66,6,0
2011-03-23,英国,60,11399,19370.42,62.6,19307.82,51,247
2011-03-23,非英国,8,2946,3658.51,0.0,3658.51,7,0
2011-03-24,英国,67,16996,33541.84,89.89,33451.95,61,0
2011-03-24,非英国,9,1151,2488.95,45.15,2443.8,7,0
2011-03-25,英国,55,10741,24523.66,591.58,23932.08,41,377
2011-03-25,非英国,10,3300,5718.06,6.2,5711.86,10,0
2011-03-27,英国,43,4434,9027.72,232.83,8794.89,40,1
2011-03-27,非英国,3,59,128.05,28.54,99.51,3,0
2011-03-28,英国,54,8841,17989.7,534.15,17455.55,45,321
2011-03-28,非英国,9,3358,3958.38,2.07,3956.31,8,0
2011-03-29,英国,67,20274,50397.86,180.45,50217.41,50,853
2011-03-29,非英国,3,12519,18720.65,0.0,18720.65,1,26
2011-03-30,英国,85,18445,27792.04,338.68,27453.36,70,264
2011-03-30,非英国,5,2157,3128.31,54.65,3073.66,5,0
2011-03-31,英国,75,13161,26488.56,2915.81,23572.75,63,611
2011-03-31,非英国,7,3657,6370.49,0.0,6370.49,6,0
2011-04-01,英国,79,17264,22676.96,1210.27,21466.69,61,92
2011-04-01,非英国,7,1179,2130.62,65.46,2065.16,6,6
2011-04-03,英国,22,5658,6897.18,65.05,6832.13,18,6
2011-04-04,英国,63,12069,22684.24,485.98,22198.26,49,454
2011-04-04,非英国,7,1918,3531.96,1604.4,1927.56,6,0
2011-04-05,英国,56,10509,19656.08,598.29,19057.79,46,197
2011-04-05,非英国,8,5046,9035.16,56.35,8978.81,7,0
2011-04-06,英国,44,8500,16195.16,77.55,16117.61,40,270
2011-04-06,非英国,2,655,955.99,5.46,950.53,2,0
2011-04-07,英国,65,8462,15471.46,207.3,15264.16,57,201
2011-04-07,非英国,9,2035,2569.71,36.59,2533.12,8,0
2011-04-08,英国,71,11281,19870.06,101.32,19768.74,63,339
2011-04-08,非英国,7,1695,3012.81,20.26,2992.55,7,0
2011-04-10,英国,36,5413,9403.26,550.1,8853.16,31,0
2011-04-10,非英国,1,187,431.49,0.0,431.49,1,0
2011-04-11,英国,62,11899,19722.86,174.86,19548.0,52,82
2011-04-11,非英国,9,1721,2309.62,68.1,2241.52,8,0
2011-04-12,英国,74,14389,23335.91,440.05,22895.86,61,2
2011-04-12,非英国,2,919,1854.21,0.0,1854.21,1,32
2011-04-13,英国,70,18067,22946.09,432.07,22514.02,60,0
2011-04-13,非英国,3,677,1449.29,35.8,1413.49,3,0
2011-04-14,英国,96,17167,31305.34,694.79,30610.55,81,70
2011-04-14,非英国,9,1674,4406.76,1.25,4405.51,8,0
2011-04-15,英国,52,11809,24136.63,6.99,24129.64,35,686
2011-04-15,非英国,5,886,2002.06,0.0,2002.06,5,0
2011-04-17,英国,41,7583,11553.38,21.2,11532.18,36,0
2011-04-17,非英国,3,550,990.96,0.0,990.96,3,0
2011-04-18,英国,88,23158,51840.23,23531.82,28308.41,63,1709
2011-04-18,非英国,3,6634,3188.78,75.0,3113.78,3,0
2011-04-19,英国,67,12373,19916.68,315.32,19601.36,56,671
2011-04-19,非英国,7,2062,3229.21,23.7,3205.51,7,0
2011-04-20,英国,73,17839,27529.52,180.44,27349.08,64,79
2011-04-20,非英国,5,526,1029.8,224.9,804.9,3,0
2011-04-21,英国,76,16518,28092.02,68.34,28023.68,62,507
2011-04-21,非英国,7,1678,3530.24,0.0,3530.24,7,0
2011-04-26,英国,75,15695,28599.56,335.57,28263.99,55,646
2011-04-26,非英国,6,424,900.72,122.72,778.0,6,0
2011-04-27,英国,71,17426,23723.69,208.22,23515.47,59,221
2011-04-27,非英国,4,730,1661.7,11.9,1649.8,4,0
2011-04-28,英国,64,12188,19827.38,833.64,18993.74,54,132
2011-04-28,非英国,6,1192,1864.88,425.0,1439.88,6,0
2011-05-01,英国,19,3167,5863.78,7.05,5856.73,17,0
2011-05-01,非英国,1,639,950.33,0.0,950.33,1,0
2011-05-03,英国,70,10872,23701.47,474.11,23227.36,54,383
2011-05-03,非英国,10,1568,2837.55,64.4,2773.15,7,0
2011-05-04,英国,67,15606,24784.87,73.35,24711.52,56,3
2011-05-04,非英国,7,1743,2405.09,8.5,2396.59,6,0
2011-05-05,英国,98,15120,25232.0,413.69,24818.31,85,586
2011-05-05,非英国,8,2300,3540.28,9.95,3530.33,7,0
2011-05-06,英国,85,17712,30705.5,217.23,30488.27,63,700
2011-05-06,非英国,6,2223,5002.79,5.1,4997.69,6,0
2011-05-08,英国,64,9395,16776.02,22.48,16753.54,56,0
2011-05-08,非英国,2,1219,1846.96,0.0,1846.96,2,0
2011-05-09,英国,69,12119,25066.25,16.85,25049.4,55,689
2011-05-09,非英国,7,1225,1888.71,59.63,1829.08,7,0
2011-05-10,英国,103,17492,40721.52,1887.85,38833.67,67,1173
2011-05-10,非英国,8,2262,3292.18,0.0,3292.18,5,38
2011-05-11,英国,82,16451,28738.23,432.69,28305.54,57,198
2011-05-11,非英国,8,2431,4553.93,5.95,4547.98,7,0
2011-05-12,英国,87,15204,28318.59,284.0,28034.59,72,174
2011-05-12,非英国,13,22545,31895.93,0.0,31895.93,10,0
2011-05-13,英国,67,12382,25328.33,5.88,25322.45,47,217
2011-05-13,非英国,7,2827,5073.32,0.0,5073.32,5,93
2011-05-15,英国,29,4613,9152.9,0.0,9152.9,27,46
2011-05-15,非英国,2,278,687.18,0.0,687.18,2,0
2011-05-16,英国,64,13459,33916.26,39.68,33876.58,48,399
2011-05-16,非英国,6,2552,5287.98,0.0,5287.98,5,0
2011-05-17,英国,99,16887,37886.5,562.28,37324.22,72,448
2011-05-17,非英国,7,9864,14830.2,51.36,14778.84,5,46
2011-05-18,英国,72,17592,31017.57,126.48,30891.09,59,182
2011-05-18,非英国,6,1407,2905.89,0.0,2905.89,6,0
2011-05-19,英国,103,15509,29406.61,1202.6,28204.01,84,355
2011-05-19,非英国,14,2597,5105.36,21.9,5083.46,11,11
2011-05-20,英国,76,14203,23845.88,332.4,23513.48,63,147
2011-05-20,非英国,6,1131,2317.8,47.75,2270.05,6,0
2011-05-22,英国,58,11376,21472.63,24.87,21447.76,53,0
2011-05-22,非英国,4,1251,2344.52,0.0,2344.52,4,0
2011-05-23,英国,79,16160,26430.65,373.6,26057.05,63,276
2011-05-23,非英国,13,1986,4157.85,35.77,4122.08,10,0
2011-05-24,英国,89,15602,36400.72,531.55,35869.17,71,630
2011-05-24,非英国,4,327,614.59,25.7,588.89,4,0
2011-05-25,英国,68,10960,20150.74,142.75,20007.99,53,285
2011-05-25,非英国,7,2191,3776.39,10.45,3765.94,7,0
2011-05-26,英国,61,10214,22160.43,282.64,21877.79,50,62
2011-05-26,非英国,13,6037,10923.35,5.8,10917.55,8,0
2011-05-27,英国,77,15051,25921.91,209.84,25712.07,60,285
2011-05-27,非英国,3,1139,1660.25,0.0,1660.25,3,0
2011-05-29,英国,24,3809,6756.21,186.0,6570.21,19,0
2011-05-29,非英国,1,254,510.73,0.0,510.73,1,0
2011-05-31,英国,52,10015,18494.59,711.75,17782.84,43,356
2011-05-31,非英国,10,1688,3362.16,34.35,3327.81,10,0
2011-06-01,英国,57,7497,13797.83,284.68,13513.15,49,713
2011-06-01,非英国,7,3458,6082.41,83.81,5998.6,6,0
2011-06-02,英国,69,13457,29787.09,268.1,29518.99,48,498
2011-06-02,非英国,6,1119,2056.51,44.33,2012.18,6,0
2011-06-03,英国,43,6859,14827.03,137.25,14689.78,35,196
2011-06-03,非英国,6,816,1825.62,25.0,1800.62,5,0
2011-06-05,英国,62,10308,19295.45,119.19,19176.26,54,0
2011-06-05,非英国,8,3056,5561.31,0.0,5561.31,8,0
2011-06-06,英国,65,8142,14880.61,915.33,13965.28,58,134
2011-06-06,非英国,6,1292,2451.94,23.35,2428.59,6,0
2011-06-07,英国,87,18064,36013.69,272.96,35740.73,78,433
2011-06-07,非英国,5,658,1169.17,40.46,1128.71,5,0
2011-06-08,英国,93,16620,34465.8,16.16,34449.64,67,817
2011-06-08,非英国,11,4611,6264.64,286.34,5978.3,8,0
2011-06-09,英国,81,24964,39840.87,226.26,39614.61,73,417
2011-06-09,非英国,14,3263,5413.42,15.0,5398.42,13,0
2011-06-10,英国,58,7266,54455.75,710.28,53745.47,47,321
2011-06-10,非英国,4,3390,7170.48,8.5,7161.98,4,0
2011-06-12,英国,38,8396,11498.56,33.2,11465.36,36,2
2011-06-12,非英国,2,1056,853.38,0.0,853.38,2,0
2011-06-13,英国,78,8639,16199.05,2042.33,14156.72,63,274
2011-06-13,非英国,8,2613,5292.58,21.95,5270.63,8,0
2011-06-14,英国,60,14599,40015.69,64.15,39951.54,44,551
2011-06-14,非英国,1,0,0.0,24.2,-24.2,1,0
2011-06-15,英国,60,10880,17996.12,1338.82,16657.3,41,359
2011-06-15,非英国,10,19482,30009.81,0.0,30009.81,6,17
2011-06-16,英国,88,18760,30567.88,436.0,30131.88,75,241
2011-06-16,非英国,8,1496,3297.12,16.95,3280.17,7,0
2011-06-17,英国,53,9449,16032.71,235.25,15797.46,33,82
2011-06-17,非英国,6,2297,4891.76,40.2,4851.56,6,0
2011-06-19,英国,57,9864,15744.69,81.4,15663.29,51,0
2011-06-19,非英国,6,5200,6524.79,0.0,6524.79,6,0
2011-06-20,英国,82,11917,24386.27,843.12,23543.15,54,797
2011-06-20,非英国,11,4645,8222.27,45.34,8176.93,10,0
2011-06-21,英国,71,12571,20892.74,374.64,20518.1,56,464
2011-06-21,非英国,7,1600,3216.38,1069.84,2146.54,5,38
2011-06-22,英国,54,11540,16493.83,31.05,16462.78,49,5
2011-06-22,非英国,8,4266,4370.48,0.0,4370.48,7,15
2011-06-23,英国,77,13363,22512.06,953.81,21558.25,67,369
2011-06-23,非英国,9,1294,2052.73,5.7,2047.03,6,0
2011-06-24,英国,49,8441,15892.36,29.51,15862.85,40,261
2011-06-24,非英国,7,1528,2520.25,4.95,2515.3,5,29
2011-06-26,英国,33,3288,6225.88,907.32,5318.56,27,0
2011-06-26,非英国,3,468,658.48,0.0,658.48,3,0
2011-06-27,英国,55,9380,15180.73,191.9,14988.83,40,363
2011-06-27,非英国,3,511,999.56,0.0,999.56,2,0
2011-06-28,英国,59,10623,20054.4,183.21,19871.19,45,167
2011-06-28,非英国,4,11118,14144.74,0.0,14144.74,2,0
2011-06-29,英国,52,9499,17480.22,271.44,17208.78,40,705
2011-06-29,非英国,5,2566,3738.99,41.45,3697.54,4,52
2011-06-30,英国,70,19914,40618.52,919.11,39699.41,52,416
2011-06-30,非英国,8,2026,3739.34,30.0,3709.34,7,0
2011-07-01,英国,51,6260,10466.69,466.16,10000.53,33,136
2011-07-01,非英国,8,1370,2524.24,34.13,2490.11,8,0
2011-07-03,英国,27,3091,5972.73,55.25,5917.48,24,0
2011-07-04,英国,53,12520,35948.73,103.5,35845.23,35,1189
2011-07-04,非英国,6,3162,6735.92,0.0,6735.92,3,56
2011-07-05,英国,80,21513,37479.36,398.52,37080.84,63,1363
2011-07-05,非英国,4,565,1290.39,17.9,1272.49,4,0
2011-07-06,英国,71,14632,21039.13,107.96,20931.17,60,560
2011-07-06,非英国,5,4516,4623.28,0.0,4623.28,5,0
2011-07-07,英国,80,18179,29825.52,985.48,28840.04,71,642
2011-07-07,非英国,10,949,1779.99,90.27,1689.72,8,0
2011-07-08,英国,68,10722,22198.23,229.27,21968.96,45,706
2011-07-08,非英国,8,1955,3250.75,12.75,3238.0,7,72
2011-07-10,英国,29,4200,5953.24,301.8,5651.44,20,0
2011-07-11,英国,58,13375,19693.02,125.49,19567.53,44,416
2011-07-11,非英国,5,1715,2350.71,0.0,2350.71,5,0
2011-07-12,英国,56,12663,23116.19,370.51,22745.68,46,896
2011-07-12,非英国,8,1276,2061.67,0.0,2061.67,6,0
2011-07-13,英国,54,10031,16435.66,140.7,16294.96,45,402
2011-07-13,非英国,8,6224,5404.53,0.0,5404.53,7,0
2011-07-14,英国,72,13384,25625.38,979.65,24645.73,60,264
2011-07-14,非英国,10,4123,7200.63,18.35,7182.28,9,1
2011-07-15,英国,45,6740,12061.46,255.5,11805.96,36,389
2011-07-15,非英国,4,547,1579.21,102.0,1477.21,4,0
2011-07-17,英国,50,10655,16430.82,19.9,16410.92,43,0
2011-07-17,非英国,3,361,669.44,0.0,669.44,2,49
2011-07-18,英国,63,10647,21292.21,942.76,20349.45,46,942
2011-07-18,非英国,5,4433,6874.93,0.0,6874.93,4,16
2011-07-19,英国,63,19999,32515.26,461.0,32054.26,57,84
2011-07-19,非英国,17,9145,17171.71,186.3,16985.41,12,0
2011-07-20,英国,60,16682,29717.82,2039.39,27678.43,45,784
2011-07-20,非英国,5,980,1922.16,0.0,1922.16,5,0
2011-07-21,英国,86,18096,28201.52,565.99,27635.53,67,171
2011-07-21,非英国,7,1787,3526.72,46.65,3480.07,5,0
2011-07-22,英国,50,9257,18105.18,106.48,17998.7,39,528
2011-07-22,非英国,2,1005,1466.09,0.0,1466.09,2,0
2011-07-24,英国,59,16618,25373.07,623.26,24749.81,51,48
2011-07-24,非英国,4,1037,1614.49,0.0,1614.49,4,0
2011-07-25,英国,56,14038,22072.87,26.9,22045.97,46,864
2011-07-25,非英国,6,2029,3299.81,8.85,3290.96,6,0
2011-07-26,英国,60,13215,20048.16,129.0,19919.16,49,380
2011-07-26,非英国,8,487,1206.41,198.36,1008.05,6,3
2011-07-27,英国,44,10016,19040.65,8.43,19032.22,35,377
2011-07-27,非英国,6,3931,6092.17,0.0,6092.17,5,0
2011-07-28,英国,93,25531,48020.07,506.61,47513.46,82,181
2011-07-28,非英国,10,4711,7690.75,46.65,7644.1,7,19
2011-07-29,英国,65,10773,17175.04,608.75,16566.29,57,177
2011-07-29,非英国,3,782,1301.84,82.54,1219.3,3,0
2011-07-31,英国,38,9326,13374.23,4.25,13369.98,32,9
2011-07-31,非英国,5,10038,19432.59,0.0,19432.59,5,0
2011-08-01,英国,42,10844,19116.96,26.08,19090.88,35,190
2011-08-01,非英国,2,817,1740.74,0.0,1740.74,2,0
2011-08-02,英国,50,11861,19662.95,297.32,19365.63,44,417
2011-08-02,非英国,9,3842,6448.55,39.0,6409.55,9,0
2011-08-03,英国,73,15475,26236.0,989.12,25246.88,65,181
2011-08-03,非英国,5,1014,1564.14,31.6,1532.54,5,0
2011-08-04,英国,75,36518,56831.23,45.81,56785.42,69,323
2011-08-04,非英国,14,4602,7878.66,4427.75,3450.91,11,0
2011-08-05,英国,51,10506,16778.14,171.25,16606.89,43,190
2011-08-05,非英国,7,2222,4109.78,13.45,4096.33,7,0
2011-08-07,英国,32,5115,7436.46,111.84,7324.62,27,1
2011-08-07,非英国,1,60,107.4,0.0,107.4,1,0
2011-08-08,英国,44,11823,20477.44,136.05,20341.39,41,365
2011-08-08,非英国,5,1506,2321.09,9.9,2311.19,4,1
2011-08-09,英国,50,8038,14755.22,550.09,14205.13,45,204
2011-08-09,非英国,4,8216,12583.69,134.55,12449.14,3,0
2011-08-10,英国,54,12835,24948.0,196.94,24751.06,45,618
2011-08-10,非英国,6,1567,3108.26,0.0,3108.26,6,0
2011-08-11,英国,73,22582,43292.17,276.25,43015.92,63,509
2011-08-11,非英国,7,16635,21682.45,21.5,21660.95,6,0
2011-08-12,英国,43,8640,15254.03,0.0,15254.03,34,404
2011-08-12,非英国,9,3325,5200.23,57.75,5142.48,8,0
2011-08-14,英国,34,3169,5655.22,128.93,5526.29,28,0
2011-08-14,非英国,2,3,46.65,4.95,41.7,2,0
2011-08-15,英国,47,7195,13102.44,38.43,13064.01,43,0
2011-08-15,非英国,5,2971,3975.51,0.0,3975.51,5,0
2011-08-16,英国,50,11006,18715.64,67.6,18648.04,42,79
2011-08-16,非英国,5,173,425.44,63.94,361.5,4,0
2011-08-17,英国,52,23862,48358.62,2278.38,46080.24,41,190
2011-08-17,非英国,8,1762,3507.94,9.9,3498.04,6,21
2011-08-18,英国,84,18298,26349.81,579.09,25770.72,75,7
2011-08-18,非英国,7,15721,27578.89,86.17,27492.72,6,0
2011-08-19,英国,49,7995,12848.51,78.15,12770.36,48,0
2011-08-19,非英国,10,2646,4052.56,22.9,4029.66,10,0
2011-08-21,英国,35,6672,11612.52,11.15,11601.37,31,6
2011-08-21,非英国,7,1402,2617.75,16.5,2601.25,6,0
2011-08-22,英国,62,14215,26631.64,1673.05,24958.59,54,6
2011-08-22,非英国,6,1317,2811.9,0.0,2811.9,6,0
2011-08-23,英国,53,11556,17777.97,30.75,17747.22,49,3
2011-08-23,非英国,15,3603,7795.62,133.39,7662.23,12,86
2011-08-24,英国,87,27462,44814.94,752.3,44062.64,71,290
2011-08-24,非英国,10,1882,2375.68,0.0,2375.68,8,0
2011-08-25,英国,74,10831,18904.61,391.99,18512.62,67,71
2011-08-25,非英国,11,2461,3802.57,0.0,3802.57,11,0
2011-08-26,英国,40,10049,14767.36,76.21,14691.15,36,57
2011-08-26,非英国,8,7063,10552.83,0.0,10552.83,6,0
2011-08-28,英国,38,5903,9444.57,20.25,9424.32,35,0
2011-08-28,非英国,1,798,1241.99,0.0,1241.99,1,0
2011-08-30,英国,40,10038,28765.62,21.03,28744.59,23,2812
2011-08-30,非英国,5,179,453.75,147.98,305.77,4,0
2011-08-31,英国,68,9455,16249.64,8323.31,7926.33,57,401
2011-08-31,非英国,10,2971,7536.38,433.97,7102.41,10,0
2011-09-01,英国,71,21996,28514.0,35.85,28478.15,65,0
2011-09-01,非英国,8,5714,8226.83,37.7,8189.13,6,0
2011-09-02,英国,70,16480,36328.03,141.99,36186.04,53,1144
2011-09-02,非英国,13,1932,3679.05,97.02,3582.03,11,65
2011-09-04,英国,46,7534,13140.92,96.85,13044.07,39,21
2011-09-04,非英国,7,3377,3737.82,0.0,3737.82,7,0
2011-09-05,英国,62,16445,25598.19,33.6,25564.59,51,191
2011-09-05,非英国,11,6277,10678.16,279.5,10398.66,9,0
2011-09-06,英国,62,13103,22869.43,297.29,22572.14,49,79
2011-09-06,非英国,6,1955,5128.63,0.0,5128.63,4,0
2011-09-07,英国,50,12870,25702.35,287.88,25414.47,39,1093
2011-09-07,非英国,7,3505,6079.05,0.0,6079.05,5,0
2011-09-08,英国,71,13670,19614.57,454.8,19159.77,55,242
2011-09-08,非英国,10,3721,6994.6,0.0,6994.6,7,106
2011-09-09,英国,70,13640,23409.53,230.82,23178.71,57,255
2011-09-09,非英国,11,3702,6182.9,238.68,5944.22,9,27
2011-09-11,英国,74,19810,33390.65,46.2,33344.45,64,0
2011-09-11,非英国,4,1081,1514.27,0.0,1514.27,4,0
2011-09-12,英国,89,16823,29297.96,678.27,28619.69,80,188
2011-09-13,英国,65,27121,41138.57,19.6,41118.97,58,526
2011-09-13,非英国,5,9379,12932.92,0.0,12932.92,5,0
2011-09-14,英国,76,12228,21092.15,196.12,20896.03,63,198
2011-09-14,非英国,7,1952,2255.44,36.2,2219.24,5,0
2011-09-15,英国,100,27552,70782.26,450.64,70331.62,83,549
2011-09-15,非英国,8,1715,3744.23,44.55,3699.68,6,0
2011-09-16,英国,50,14250,25349.38,64.6,25284.78,43,194
2011-09-16,非英国,7,792,1632.89,50.53,1582.36,6,0
2011-09-18,英国,28,8934,15634.0,53.4,15580.6,25,0
2011-09-19,英国,70,12286,19123.34,393.51,18729.83,63,5
2011-09-19,非英国,18,16931,26907.58,5.8,26901.78,15,0
2011-09-20,英国,66,42031,105483.76,14.85,105468.91,49,259
2011-09-20,非英国,9,1516,2880.58,72.45,2808.13,7,2
2011-09-21,英国,84,18518,38426.08,4950.02,33476.06,72,1325
2011-09-21,非英国,15,3767,7469.54,29.9,7439.64,12,0
2011-09-22,英国,111,26694,47865.0,2230.74,45634.26,94,227
2011-09-22,非英国,16,6381,10577.17,0.0,10577.17,14,0
2011-09-23,英国,73,17137,31548.98,1156.17,30392.81,63,701
2011-09-23,非英国,10,4700,7464.62,4.15,7460.47,8,0
2011-09-25,英国,72,18094,28541.61,109.9,28431.71,68,0
2011-09-25,非英国,6,1322,2425.17,0.0,2425.17,6,0
2011-09-26,英国,65,14093,26109.79,199.04,25910.75,59,4
2011-09-26,非英国,6,1148,2341.97,15.2,2326.77,5,0
2011-09-27,英国,92,20427,33515.9,410.1,33105.8,76,469
2011-09-27,非英国,8,796,1591.2,43.25,1547.95,7,0
2011-09-28,英国,92,21973,36114.19,262.19,35852.0,82,713
2011-09-28,非英国,18,3351,6330.76,100.45,6230.31,11,0
2011-09-29,英国,103,25538,42717.08,2752.99,39964.09,88,219
2011-09-29,非英国,9,1902,3120.66,1.25,3119.41,9,0
2011-09-30,英国,76,18064,34764.66,264.89,34499.77,63,386
2011-09-30,非英国,10,4472,8373.06,91.7,8281.36,7,0
2011-10-02,英国,36,8332,11531.56,10.95,11520.61,32,6
2011-10-03,英国,69,25770,61478.28,1468.75,60009.53,49,508
2011-10-03,非英国,3,150,308.0,26.7,281.3,3,0
2011-10-04,英国,85,24832,46293.17,335.46,45957.71,66,695
2011-10-04,非英国,11,431,1254.51,234.35,1020.16,8,1
2011-10-05,英国,86,32944,48163.1,349.2,47813.9,72,229
2011-10-05,非英国,14,13257,26523.3,0.0,26523.3,10,0
2011-10-06,英国,162,30886,54654.35,7234.48,47419.87,139,285
2011-10-06,非英国,20,4436,7144.96,80.9,7064.06,15,0
2011-10-07,英国,84,26145,46580.02,308.66,46271.36,67,398
2011-10-07,非英国,13,4739,6275.35,0.0,6275.35,13,0
2011-10-09,英国,41,7285,12273.1,602.16,11670.94,35,20
2011-10-10,英国,108,23317,40480.07,1054.58,39425.49,85,428
2011-10-10,非英国,11,2770,5702.63,66.6,5636.03,8,0
2011-10-11,英国,84,21446,42348.08,11845.02,30503.06,68,610
2011-10-11,非英国,11,6997,9456.38,36.85,9419.53,9,0
2011-10-12,英国,72,14261,24337.81,321.22,24016.59,57,585
2011-10-12,非英国,23,3329,6425.07,2385.21,4039.86,18,0
2011-10-13,英国,79,14134,26104.49,297.04,25807.45,67,342
2011-10-13,非英国,12,4521,9583.6,81.97,9501.63,12,0
2011-10-14,英国,64,14683,26022.91,444.76,25578.15,50,308
2011-10-14,非英国,12,3430,9039.51,77.84,8961.67,11,0
2011-10-16,英国,39,8648,21767.55,405.52,21362.03,32,0
2011-10-17,英国,82,19378,34545.4,160.74,34384.66,74,523
2011-10-17,非英国,17,11914,14751.35,3566.17,11185.18,12,0
2011-10-18,英国,81,25363,37743.43,487.17,37256.26,67,780
2011-10-18,非英国,12,3905,6617.35,2.12,6615.23,10,27
2011-10-19,英国,90,15096,27040.9,457.27,26583.63,74,431
2011-10-19,非英国,12,4053,7891.67,29.75,7861.92,11,0
2011-10-20,英国,93,16326,29010.86,274.86,28736.0,81,9
2011-10-20,非英国,11,24514,31672.67,54.9,31617.77,7,0
2011-10-21,英国,57,20368,55360.54,234.63,55125.91,51,64
2011-10-21,非英国,10,4399,7617.85,0.0,7617.85,8,0
2011-10-23,英国,43,6951,12106.19,21.05,12085.14,39,0
2011-10-23,非英国,1,0,0.0,15.7,-15.7,1,0
2011-10-24,英国,97,24744,43235.05,6155.72,37079.33,76,977
2011-10-24,非英国,7,665,1663.72,99.65,1564.07,7,0
2011-10-25,英国,75,24246,36756.33,427.15,36329.18,65,329
2011-10-25,非英国,5,2196,3131.12,0.0,3131.12,3,39
2011-10-26,英国,91,18441,32099.02,186.8,31912.22,74,176
2011-10-26,非英国,8,2151,3879.82,30.55,3849.27,7,0
2011-10-27,英国,112,24658,34439.27,1191.85,33247.42,99,226
2011-10-27,非英国,14,8081,13701.5,274.33,13427.17,11,0
2011-10-28,英国,74,17192,28103.2,79.86,28023.34,56,111
2011-10-28,非英国,12,6783,11742.75,8.5,11734.25,7,75
2011-10-30,英国,91,17506,30400.3,25.95,30374.35,82,0
2011-10-30,非英国,6,2390,3531.11,0.0,3531.11,6,0
2011-10-31,英国,62,19280,48609.07,160.09,48448.98,52,1537
2011-10-31,非英国,11,2255,3932.65,0.0,3932.65,11,0
2011-11-01,英国,86,14617,25070.04,388.6,24681.44,82,11
2011-11-01,非英国,6,1917,3739.86,25.0,3714.86,5,0
2011-11-02,英国,89,24496,37956.72,402.03,37554.69,79,818
2011-11-02,非英国,11,3986,6911.69,241.75,6669.94,8,0
2011-11-03,英国,101,31485,59191.04,531.1,58659.94,84,418
2011-11-03,非英国,11,1974,3399.92,83.65,3316.27,10,0
2011-11-04,英国,116,32745,57073.16,2352.76,54720.4,93,428
2011-11-04,非英国,13,2374,4726.46,184.41,4542.05,10,0
2011-11-06,英国,96,18111,32716.24,33.94,32682.3,81,3
2011-11-06,非英国,8,4944,9437.61,0.0,9437.61,7,0
2011-11-07,英国,95,29504,81492.4,1569.83,79922.57,82,283
2011-11-07,非英国,10,1778,2657.61,128.09,2529.52,7,31
2011-11-08,英国,126,24975,52373.9,715.69,51658.21,109,1665
2011-11-08,非英国,13,1344,2244.03,303.7,1940.33,11,0
2011-11-09,英国,119,35471,62163.87,3466.79,58697.08,97,514
2011-11-09,非英国,6,1156,2164.26,17.55,2146.71,5,0
2011-11-10,英国,142,27856,54866.41,450.7,54415.71,123,62
2011-11-10,非英国,18,10202,13727.11,69.95,13657.16,15,0
2011-11-11,英国,92,23898,44879.37,286.57,44592.8,75,1629
2011-11-11,非英国,19,5026,7934.07,37.95,7896.12,16,18
2011-11-13,英国,87,17597,27502.32,536.5,26965.82,72,204
2011-11-13,非英国,6,3087,5164.37,0.0,5164.37,3,56
2011-11-14,英国,118,44115,106374.76,573.46,105801.3,94,616
2011-11-14,非英国,15,3095,4973.85,151.47,4822.38,14,0
2011-11-15,英国,104,24843,49131.86,205.44,48926.42,90,1214
2011-11-15,非英国,12,5451,9046.3,0.0,9046.3,8,0
2011-11-16,英国,125,26663,52055.9,1531.47,50524.43,106,1379
2011-11-16,非英国,17,6267,10202.39,0.0,10202.39,13,22
2011-11-17,英国,125,23019,40754.42,527.46,40226.96,108,571
2011-11-17,非英国,26,8460,17967.24,45.95,17921.29,23,0
2011-11-18,英国,123,20486,42686.08,654.34,42031.74,109,667
2011-11-18,非英国,21,3394,6927.1,220.74,6706.36,19,0
2011-11-20,英国,96,17558,29778.91,138.56,29640.35,83,220
2011-11-20,非英国,8,1538,3279.55,0.0,3279.55,8,0
2011-11-21,英国,106,23532,44510.23,1150.97,43359.26,88,541
2011-11-21,非英国,10,2154,4028.53,352.25,3676.28,8,0
2011-11-22,英国,135,30309,56325.84,1594.65,54731.19,117,1084
2011-11-22,非英国,15,3345,5622.96,59.48,5563.48,12,0
2011-11-23,英国,130,29491,60816.11,684.56,60131.55,102,281
2011-11-23,非英国,15,9789,15168.34,60.66,15107.68,12,0
2011-11-24,英国,105,22174,40733.02,2636.6,38096.42,91,1234
2011-11-24,非英国,17,4191,8004.58,261.75,7742.83,13,34
2011-11-25,英国,79,17358,43781.42,318.41,43463.01,63,1386
2011-11-25,非英国,6,1539,3128.1,0.0,3128.1,6,0
2011-11-27,英国,58,10696,19443.18,39.58,19403.6,50,71
2011-11-27,非英国,1,225,829.91,0.0,829.91,1,0
2011-11-28,英国,112,26794,50273.38,121.22,50152.16,93,540
2011-11-28,非英国,11,2517,4156.05,531.4,3624.65,8,0
2011-11-29,英国,134,27100,61234.49,367.01,60867.48,105,1568
2011-11-29,非英国,11,3682,6863.92,0.0,6863.92,10,0
2011-11-30,英国,123,22808,47140.57,676.52,46464.05,103,1234
2011-11-30,非英国,19,5516,8947.53,260.93,8686.6,17,0
2011-12-01,英国,156,25472,47458.97,708.96,46750.01,142,658
2011-12-01,非英国,11,1507,3146.18,48.66,3097.52,7,14
2011-12-02,英国,116,26017,52307.95,240.4,52067.55,87,845
2011-12-02,非英国,13,2654,3609.22,257.17,3352.05,13,0
2011-12-04,英国,62,10716,21492.17,54.4,21437.77,51,90
2011-12-04,非英国,7,1567,2751.3,0.0,2751.3,7,0
2011-12-05,英国,126,41939,76984.26,214.34,76769.92,103,1919
2011-12-05,非英国,13,1735,3026.97,252.9,2774.07,11,0
2011-12-06,英国,131,28457,51736.67,2291.36,49445.31,114,706
2011-12-06,非英国,13,1889,3520.64,153.58,3367.06,13,0
2011-12-07,英国,100,29764,53338.35,174.89,53163.46,86,222
2011-12-07,非英国,17,12002,19460.74,53.1,19407.64,13,0
2011-12-08,英国,131,32896,74503.15,685.06,73818.09,111,2331
2011-12-08,非英国,9,2095,3068.04,392.16,2675.88,9,0
2011-12-09,英国,40,90532,193467.14,168564.38,24902.76,30,1006
2011-12-09,非英国,8,3406,4627.5,0.0,4627.5,7,0
合计,全部,46922,11187818,19645047.39,716495.53,18928551.86,,227172
